City,Temperature,Condition
Accra,बुध 09.23,
Addis Ababa,बुध 12.23,
Adelaide,बुध 18.53,
Algiers,बुध 10.23,
Almaty,बुध 14.23,
Amman,बुध 12.23,
Amsterdam*,बुध 11.23,
Anadyr,बुध 21.23,
Anchorage*,बुध 01.23,
Ankara,बुध 12.23,
Antananarivo,बुध 12.23,
Asuncion,बुध 06.23,
Athens*,बुध 12.23,
Atlanta*,बुध 05.23,
Auckland,बुध 21.23,
Bangkok,बुध 16.23,
Barcelona*,बुध 11.23,
Beijing,बुध 17.23,
Beirut*,बुध 12.23,
Belgrade*,बुध 11.23,
Bengaluru,बुध 14.53,
Berlin*,बुध 11.23,
Bogota,बुध 04.23,
Boston*,बुध 05.23,
Brasilia,बुध 06.23,
Brisbane,बुध 19.23,
Brussels*,बुध 11.23,
Bucharest*,बुध 12.23,
Budapest*,बुध 11.23,
Buenos Aires,बुध 06.23,
Cairo*,बुध 12.23,
Calgary*,बुध 03.23,
Canberra,बुध 19.23,
Cape Town,बुध 11.23,
Caracas,बुध 05.23,
Casablanca*,बुध 10.23,
Chicago*,बुध 04.23,
Copenhagen*,बुध 11.23,
Dallas*,बुध 04.23,
Dar es Salaam,बुध 12.23,
Darwin,बुध 18.53,
Denver*,बुध 03.23,
Detroit*,बुध 05.23,
Dhaka,बुध 15.23,
Doha,बुध 12.23,
Dubai,बुध 13.23,
Dublin*,बुध 10.23,
Edmonton*,बुध 03.23,
Frankfurt*,बुध 11.23,
Guatemala City,बुध 03.23,
Halifax*,बुध 06.23,
Hanoi,बुध 16.23,
Harare,बुध 11.23,
Havana*,बुध 05.23,
Helsinki*,बुध 12.23,
Hong Kong,बुध 17.23,
Honolulu,मंगल 23.23,
Houston*,बुध 04.23,
Indianapolis*,बुध 05.23,
Islamabad,बुध 14.23,
Istanbul,बुध 12.23,
Jakarta,बुध 16.23,
Jerusalem*,बुध 12.23,
Johannesburg,बुध 11.23,
Karachi,बुध 14.23,
Kathmandu,बुध 15.08,
Kingston,बुध 04.23,
Kinshasa,बुध 10.23,
Kiritimati,बुध 23.23,
Kolkata,बुध 14.53,
